tick,servidor,eventos
0,Server-A,2
0,Server-B,2
0,Server-C,2
1,Server-B,2
1,Server-C,2
2,Server-B,2
3,Server-B,2
3,Server-C,2
4,Server-C,2
5,Server-B,2
5,Server-C,8
6,Server-A,2
6,Server-C,2
9,Server-B,2
10,Server-B,2
10,Server-C,2
11,Server-A,2
11,Server-B,2
11,Server-C,2
13,Server-B,2
13,Server-C,2
14,Server-A,2
14,Server-B,4
14,Server-C,2
15,Server-A,4
15,Server-C,2
16,Server-B,4
17,Server-C,2
18,Server-B,2
18,Server-C,4
19,Server-B,2
19,Server-C,6
20,Server-B,6
21,Server-B,4
21,Server-C,2
22,Server-A,2
22,Server-B,2
22,Server-C,2
24,Server-B,4
24,Server-C,4
25,Server-A,2
25,Server-B,2
25,Server-C,6
26,Server-A,2
26,Server-C,2
28,Server-A,2
28,Server-B,2
29,Server-C,2
30,Server-A,2
30,Server-B,2
31,Server-B,4
32,Server-A,4
34,Server-B,2
35,Server-A,2
35,Server-B,2
36,Server-A,2
37,Server-A,2
37,Server-B,4
38,Server-B,2
41,Server-A,2
42,Server-B,6
47,Server-B,2
48,Server-C,1
49,Server-B,2
49,Server-C,2
50,Server-B,2
50,Server-C,2
51,Server-B,4
51,Server-C,2
52,Server-B,2
52,Server-C,4
53,Server-C,6
54,Server-B,2
54,Server-C,2
55,Server-C,2
56,Server-A,2
56,Server-B,2
58,Server-C,4
59,Server-B,2
60,Server-B,6
60,Server-C,2
61,Server-B,6
61,Server-C,4
62,Server-C,6
63,Server-C,2
64,Server-B,2
64,Server-C,2
65,Server-B,4
65,Server-C,2
66,Server-C,4
67,Server-B,2
70,Server-B,4
71,Server-B,2
72,Server-C,4
73,Server-C,2
74,Server-C,2
75,Server-A,1
75,Server-C,14
76,Server-A,2
77,Server-B,2
77,Server-C,4
78,Server-B,2
79,Server-C,2
81,Server-C,2
82,Server-A,2
83,Server-A,4
83,Server-B,6
84,Server-B,2
84,Server-C,2
85,Server-B,2
86,Server-B,2
87,Server-A,2
87,Server-B,2
87,Server-C,2
88,Server-A,4
88,Server-B,2
89,Server-B,2
90,Server-C,2
93,Server-B,2
94,Server-C,2
95,Server-A,4
95,Server-B,2
95,Server-C,2
96,Server-C,4
97,Server-B,4
97,Server-C,2
98,Server-A,2
98,Server-C,2
99,Server-A,2
99,Server-C,2
100,Server-B,2
101,Server-A,4
101,Server-B,2
101,Server-C,4
102,Server-B,6
102,Server-C,2
103,Server-B,4
103,Server-C,2
104,Server-A,2
104,Server-C,2
105,Server-A,2
105,Server-B,2
105,Server-C,4
106,Server-A,2
107,Server-B,6
108,Server-C,2
109,Server-A,4
109,Server-B,2
110,Server-A,2
110,Server-B,4
110,Server-C,4
111,Server-C,2
112,Server-A,2
112,Server-B,2
112,Server-C,2
113,Server-A,4
113,Server-C,2
114,Server-B,2
115,Server-C,4
116,Server-C,4
117,Server-A,2
117,Server-B,2
117,Server-C,2
118,Server-A,2
118,Server-B,2
118,Server-C,4
119,Server-A,2
119,Server-C,6
120,Server-C,4
121,Server-A,2
121,Server-C,2
122,Server-B,2
123,Server-C,2
124,Server-A,2
124,Server-B,2
124,Server-C,4
125,Server-B,2
125,Server-C,6
126,Server-B,2
126,Server-C,2
127,Server-B,2
127,Server-C,4
129,Server-B,4
129,Server-C,6
130,Server-B,2
130,Server-C,2
131,Server-C,4
132,Server-A,2
132,Server-B,4
132,Server-C,2
133,Server-C,4
134,Server-C,4
135,Server-A,4
135,Server-C,2
138,Server-B,2
139,Server-A,2
140,Server-B,2
142,Server-B,2
144,Server-A,2
145,Server-A,2
146,Server-A,2
146,Server-B,2
147,Server-B,2
149,Server-A,2
150,Server-B,2
152,Server-B,2
153,Server-B,4
154,Server-C,1
155,Server-A,4
155,Server-C,2
156,Server-B,2
156,Server-C,6
157,Server-A,2
157,Server-C,2
158,Server-B,2
158,Server-C,2
162,Server-C,4
163,Server-A,2
164,Server-A,2
164,Server-C,6
165,Server-C,4
166,Server-A,2
166,Server-C,2
167,Server-C,4
168,Server-C,6
170,Server-A,2
170,Server-C,2
171,Server-A,6
171,Server-C,2
172,Server-C,4
173,Server-C,4
174,Server-C,4
175,Server-A,2
177,Server-A,2
177,Server-B,1
179,Server-C,2
181,Server-A,2
181,Server-C,2
183,Server-A,10
183,Server-B,2
183,Server-C,2
184,Server-C,2
185,Server-B,2
185,Server-C,2
186,Server-A,2
188,Server-B,2
188,Server-C,2
189,Server-B,2
189,Server-C,2
190,Server-A,2
190,Server-B,2
191,Server-C,4
192,Server-A,2
192,Server-B,2
192,Server-C,4
193,Server-C,2
195,Server-A,2
196,Server-A,4
196,Server-C,4
197,Server-A,2
197,Server-B,2
197,Server-C,4
198,Server-C,6
199,Server-C,2
200,Server-A,2
200,Server-B,2
200,Server-C,2
219,Server-A,1
219,Server-B,1
219,Server-C,1
220,Server-C,2
222,Server-B,2
223,Server-B,2
224,Server-C,2
225,Server-B,2
225,Server-C,2
226,Server-A,2
226,Server-B,2
226,Server-C,2
227,Server-B,2
227,Server-C,2
228,Server-A,2
229,Server-B,4
230,Server-A,2
230,Server-B,2
230,Server-C,4
231,Server-A,2
231,Server-C,2
232,Server-A,2
232,Server-B,2
232,Server-C,4
233,Server-B,2
233,Server-C,8
234,Server-B,2
234,Server-C,4
235,Server-B,4
235,Server-C,4
236,Server-A,2
236,Server-B,6
237,Server-C,2
238,Server-B,2
239,Server-B,2
239,Server-C,4
240,Server-C,2
241,Server-A,2
242,Server-B,6
242,Server-C,4
243,Server-A,4
244,Server-B,2
245,Server-A,2
245,Server-B,2
246,Server-B,2
246,Server-C,4
247,Server-B,4
249,Server-A,2
249,Server-B,4
249,Server-C,2
250,Server-A,2
250,Server-C,4
251,Server-B,6
251,Server-C,2
252,Server-A,2
253,Server-A,2
253,Server-B,2
253,Server-C,4
254,Server-C,2
255,Server-C,2
256,Server-B,2
256,Server-C,6
257,Server-A,2
257,Server-B,2
257,Server-C,2
258,Server-A,2
258,Server-C,2
259,Server-A,4
260,Server-B,4
261,Server-A,2
261,Server-B,2
262,Server-B,2
263,Server-C,2
264,Server-B,2
264,Server-C,4
265,Server-C,4
266,Server-C,4
267,Server-B,2
268,Server-C,6
269,Server-A,2
269,Server-C,4
270,Server-B,4
270,Server-C,2
271,Server-B,2
271,Server-C,2
272,Server-B,2
273,Server-A,2
273,Server-B,2
274,Server-B,2
275,Server-A,2
276,Server-A,2
277,Server-B,4
278,Server-A,2
279,Server-A,2
280,Server-A,2
281,Server-A,2
281,Server-B,4
282,Server-A,2
282,Server-B,2
283,Server-A,2
283,Server-B,2
285,Server-A,2
286,Server-A,4
286,Server-B,4
287,Server-B,6
288,Server-A,2
289,Server-A,4
289,Server-B,8
290,Server-A,2
290,Server-C,1
291,Server-C,2
292,Server-A,2
292,Server-C,2
293,Server-B,2
294,Server-A,2
294,Server-B,2
294,Server-C,2
295,Server-B,2
295,Server-C,2
296,Server-B,2
296,Server-C,6
298,Server-C,6
301,Server-B,2
301,Server-C,2
302,Server-C,2
305,Server-C,2
307,Server-B,2
308,Server-C,2
309,Server-B,2
309,Server-C,4
310,Server-B,2
310,Server-C,2
312,Server-B,4
313,Server-A,1
313,Server-B,4
313,Server-C,2
314,Server-C,8
315,Server-B,4
315,Server-C,2
317,Server-B,2
317,Server-C,2
318,Server-A,2
319,Server-A,2
319,Server-B,2
319,Server-C,4
320,Server-C,8
321,Server-B,2
321,Server-C,2
322,Server-A,2
322,Server-C,4
323,Server-A,2
324,Server-A,2
324,Server-B,2
325,Server-B,2
325,Server-C,4
326,Server-B,2
326,Server-C,4
327,Server-A,2
327,Server-C,2
328,Server-B,2
329,Server-B,4
330,Server-B,2
330,Server-C,2
331,Server-B,2
333,Server-C,2
334,Server-A,4
334,Server-B,2
335,Server-B,4
335,Server-C,2
336,Server-C,4
337,Server-A,2
337,Server-B,4
338,Server-B,4
338,Server-C,2
339,Server-B,2
339,Server-C,6
340,Server-B,6
341,Server-A,2
341,Server-C,6
342,Server-A,4
342,Server-C,2
343,Server-B,4
344,Server-A,2
344,Server-C,2
345,Server-B,4
345,Server-C,4
346,Server-A,2
346,Server-C,6
347,Server-B,4
349,Server-C,2
351,Server-B,2
351,Server-C,4
352,Server-A,2
353,Server-B,2
354,Server-A,2
354,Server-C,2
355,Server-B,6
356,Server-A,2
356,Server-B,2
356,Server-C,4
357,Server-C,2
358,Server-C,2
359,Server-A,4
359,Server-B,2
359,Server-C,2
360,Server-A,2
361,Server-A,2
361,Server-C,4
362,Server-C,2
363,Server-C,4
364,Server-A,2
364,Server-C,4
365,Server-C,2
366,Server-C,6
367,Server-C,2
369,Server-C,4
370,Server-C,2
373,Server-C,2
375,Server-C,6
378,Server-B,1
378,Server-C,2
379,Server-B,2
379,Server-C,2
380,Server-B,2
381,Server-B,2
382,Server-B,6
383,Server-A,1
383,Server-B,2
383,Server-C,2
384,Server-B,4
384,Server-C,2
385,Server-A,2
387,Server-A,2
387,Server-B,6
388,Server-A,4
388,Server-B,4
389,Server-B,2
390,Server-B,2
390,Server-C,2
391,Server-B,2
391,Server-C,2
392,Server-A,4
392,Server-C,2
393,Server-C,4
395,Server-A,4
395,Server-C,2
396,Server-B,2
396,Server-C,4
399,Server-B,2
399,Server-C,4
400,Server-B,2
401,Server-B,2
401,Server-C,2
402,Server-A,2
402,Server-B,2
403,Server-B,2
404,Server-A,2
405,Server-C,2
406,Server-B,2
407,Server-B,2
407,Server-C,2
408,Server-A,2
408,Server-C,4
409,Server-A,2
409,Server-B,2
409,Server-C,2
411,Server-A,2
411,Server-B,2
411,Server-C,2
413,Server-C,2
414,Server-C,2
415,Server-A,2
415,Server-C,2
416,Server-C,2
417,Server-A,2
418,Server-A,2
418,Server-B,2
418,Server-C,4
420,Server-B,2
420,Server-C,6
423,Server-A,2
423,Server-B,2
424,Server-B,2
424,Server-C,4
425,Server-A,2
425,Server-B,2
425,Server-C,2
426,Server-A,4
426,Server-B,2
427,Server-A,2
427,Server-B,4
428,Server-B,2
429,Server-A,2
430,Server-A,2
431,Server-A,24
431,Server-B,2
431,Server-C,4
432,Server-A,38
432,Server-B,2
432,Server-C,2
433,Server-A,56
433,Server-B,2
434,Server-A,58
434,Server-B,2
434,Server-C,2
435,Server-A,22
435,Server-B,4
435,Server-C,2
436,Server-A,60
436,Server-B,34
436,Server-C,4
437,Server-A,26
437,Server-B,78
437,Server-C,2
438,Server-A,88
438,Server-B,2
438,Server-C,2
439,Server-A,68
439,Server-B,2
439,Server-C,2
440,Server-A,88
440,Server-C,2
441,Server-A,28
441,Server-C,2
442,Server-A,68
442,Server-C,2
443,Server-A,36
443,Server-C,6
444,Server-A,20
444,Server-B,2
444,Server-C,2
445,Server-A,76
446,Server-A,26
446,Server-B,4
446,Server-C,4
447,Server-A,14
447,Server-C,2
448,Server-A,94
448,Server-B,4
449,Server-A,28
450,Server-A,46
450,Server-B,2
451,Server-A,78
452,Server-A,14
453,Server-A,60
454,Server-A,62
455,Server-A,20
455,Server-B,2
456,Server-A,30
456,Server-B,2
457,Server-A,22
457,Server-B,4
458,Server-A,66
458,Server-B,2
459,Server-A,40
459,Server-B,2
460,Server-A,30
461,Server-A,22
462,Server-A,26
462,Server-B,2
463,Server-A,10
463,Server-B,2
464,Server-A,80
465,Server-A,20
465,Server-B,4
466,Server-A,82
466,Server-C,1
467,Server-A,22
468,Server-A,78
468,Server-C,2
469,Server-A,46
470,Server-A,22
471,Server-A,92
471,Server-B,2
471,Server-C,4
472,Server-A,40
473,Server-A,60
473,Server-B,2
473,Server-C,2
474,Server-A,36
474,Server-B,2
474,Server-C,2
475,Server-A,30
475,Server-B,2
475,Server-C,2
476,Server-A,50
476,Server-B,2
476,Server-C,2
477,Server-A,76
477,Server-B,2
477,Server-C,6
478,Server-A,14
478,Server-C,2
479,Server-A,24
479,Server-C,2
480,Server-A,68
480,Server-B,2
480,Server-C,4
481,Server-A,50
481,Server-B,4
481,Server-C,2
482,Server-A,40
482,Server-C,6
483,Server-A,8
483,Server-B,2
483,Server-C,4
484,Server-A,58
485,Server-A,76
485,Server-C,2
486,Server-A,22
486,Server-B,2
486,Server-C,2
487,Server-A,52
487,Server-C,6
488,Server-A,44
488,Server-C,4
489,Server-A,46
489,Server-C,2
490,Server-A,46
490,Server-C,4
491,Server-A,74
491,Server-C,4
492,Server-A,44
493,Server-A,26
493,Server-C,6
494,Server-A,20
494,Server-C,2
495,Server-A,66
496,Server-A,48
497,Server-A,32
498,Server-A,26
499,Server-A,64
500,Server-A,2
505,Server-B,1
507,Server-B,6
508,Server-B,2
509,Server-B,2
512,Server-B,4
513,Server-C,1
514,Server-B,2
514,Server-C,4
515,Server-C,2
516,Server-B,2
516,Server-C,2
518,Server-B,2
518,Server-C,4
519,Server-A,1
519,Server-B,2
519,Server-C,2
520,Server-A,42
520,Server-C,2
521,Server-A,44
521,Server-C,6
522,Server-A,28
522,Server-C,4
523,Server-A,62
523,Server-C,2
524,Server-A,14
524,Server-B,4
524,Server-C,2
525,Server-A,36
525,Server-B,2
525,Server-C,2
526,Server-A,40
527,Server-A,48
527,Server-B,4
528,Server-A,74
528,Server-B,2
528,Server-C,4
529,Server-A,24
529,Server-B,2
529,Server-C,2
530,Server-A,24
530,Server-B,2
531,Server-A,84
532,Server-A,54
533,Server-A,36
533,Server-B,2
534,Server-A,28
534,Server-B,4
534,Server-C,2
535,Server-A,74
535,Server-B,2
535,Server-C,4
536,Server-A,30
536,Server-B,2
537,Server-A,26
537,Server-B,2
538,Server-A,62
538,Server-B,2
538,Server-C,4
539,Server-A,46
540,Server-A,20
540,Server-B,2
540,Server-C,4
541,Server-A,20
541,Server-B,2
542,Server-A,64
542,Server-B,6
542,Server-C,2
543,Server-A,32
543,Server-B,2
544,Server-A,26
545,Server-A,20
546,Server-A,16
546,Server-C,6
547,Server-A,62
547,Server-C,4
548,Server-A,34
548,Server-C,4
549,Server-A,40
549,Server-C,4
550,Server-A,38
550,Server-C,4
551,Server-A,20
551,Server-C,6
552,Server-A,34
553,Server-A,38
553,Server-C,4
554,Server-A,32
555,Server-A,14
555,Server-C,2
556,Server-A,38
557,Server-A,68
558,Server-A,24
558,Server-C,6
559,Server-A,68
559,Server-C,6
560,Server-A,40
560,Server-C,2
561,Server-A,22
561,Server-C,6
562,Server-A,16
562,Server-B,1
562,Server-C,6
563,Server-A,60
563,Server-B,6
563,Server-C,4
564,Server-A,48
564,Server-C,2
565,Server-A,2
566,Server-B,2
568,Server-C,4
569,Server-C,2
570,Server-C,4
571,Server-C,4
572,Server-C,10
574,Server-C,4
575,Server-C,4
576,Server-C,2
577,Server-C,2
578,Server-C,2
579,Server-C,4
580,Server-C,2
581,Server-C,6
582,Server-C,2
583,Server-C,2
584,Server-A,1
585,Server-A,18
585,Server-B,1
586,Server-A,54
586,Server-C,4
587,Server-A,44
587,Server-B,2
587,Server-C,4
588,Server-A,20
588,Server-B,2
588,Server-C,4
589,Server-A,14
589,Server-B,2
589,Server-C,2
590,Server-A,46
590,Server-C,2
591,Server-A,22
591,Server-B,4
591,Server-C,2
592,Server-A,22
592,Server-C,2
593,Server-A,40
593,Server-C,4
594,Server-A,46
595,Server-A,12
595,Server-B,2
595,Server-C,2
596,Server-A,70
596,Server-C,4
597,Server-A,60
598,Server-A,28
598,Server-B,2
598,Server-C,2
599,Server-A,36
599,Server-B,2
600,Server-A,88
601,Server-A,28
602,Server-A,48
602,Server-B,2
603,Server-A,52
603,Server-C,2
604,Server-A,80
604,Server-B,2
604,Server-C,6
605,Server-A,14
605,Server-B,2
606,Server-A,26
606,Server-B,2
606,Server-C,4
607,Server-A,48
607,Server-C,2
608,Server-A,20
608,Server-B,2
609,Server-A,16
609,Server-C,2
610,Server-A,72
610,Server-C,2
611,Server-A,52
611,Server-C,2
612,Server-A,30
612,Server-B,2
613,Server-A,70
613,Server-B,2
613,Server-C,2
614,Server-A,26
614,Server-B,2
615,Server-A,66
615,Server-C,4
616,Server-A,58
616,Server-C,2
617,Server-A,22
618,Server-A,60
618,Server-C,4
619,Server-A,64
619,Server-B,4
620,Server-A,12
620,Server-B,4
620,Server-C,2
621,Server-A,70
621,Server-B,6
622,Server-A,44
622,Server-B,4
622,Server-C,2
623,Server-A,34
623,Server-B,2
623,Server-C,2
624,Server-A,20
624,Server-B,2
624,Server-C,2
625,Server-A,32
625,Server-C,4
626,Server-A,28
626,Server-C,2
627,Server-A,70
627,Server-B,4
627,Server-C,2
628,Server-A,24
629,Server-A,62
629,Server-C,2
630,Server-A,22
630,Server-C,2
631,Server-A,84
631,Server-B,2
631,Server-C,4
632,Server-A,24
632,Server-C,2
633,Server-A,66
633,Server-C,2
634,Server-A,50
634,Server-C,4
635,Server-A,40
636,Server-A,68
637,Server-A,24
638,Server-A,34
639,Server-A,78
639,Server-B,2
639,Server-C,2
640,Server-A,30
640,Server-B,4
640,Server-C,4
641,Server-A,64
641,Server-C,2
642,Server-A,50
642,Server-B,2
642,Server-C,2
643,Server-A,26
643,Server-B,2
643,Server-C,2
644,Server-A,28
644,Server-B,2
644,Server-C,6
645,Server-A,48
645,Server-C,2
646,Server-A,16
647,Server-A,12
647,Server-B,2
647,Server-C,2
648,Server-A,22
648,Server-C,4
649,Server-A,26
649,Server-B,2
650,Server-A,44
650,Server-C,2
651,Server-A,50
651,Server-B,2
651,Server-C,4
652,Server-A,44
652,Server-C,2
653,Server-A,68
653,Server-B,2
653,Server-C,6
654,Server-A,28
654,Server-C,2
655,Server-A,76
655,Server-C,4
656,Server-A,68
656,Server-C,6
657,Server-A,14
657,Server-C,4
658,Server-A,26
659,Server-A,42
659,Server-C,2
660,Server-A,48
661,Server-A,26
661,Server-C,4
662,Server-A,40
662,Server-C,2
663,Server-A,50
664,Server-A,40
664,Server-C,4
665,Server-A,36
665,Server-C,2
666,Server-A,56
667,Server-A,70
667,Server-C,2
668,Server-A,14
668,Server-C,2
669,Server-A,54
670,Server-A,56
671,Server-A,44
671,Server-C,2
672,Server-A,34
672,Server-B,1
672,Server-C,4
673,Server-A,38
674,Server-A,44
674,Server-B,2
674,Server-C,2
675,Server-A,50
675,Server-B,2
676,Server-A,20
676,Server-B,2
676,Server-C,2
677,Server-A,16
677,Server-B,2
678,Server-A,72
678,Server-B,4
679,Server-A,48
679,Server-C,2
680,Server-A,22
681,Server-A,62
681,Server-C,6
682,Server-A,36
682,Server-B,2
683,Server-A,26
683,Server-B,4
684,Server-A,46
684,Server-B,4
685,Server-A,64
685,Server-B,2
685,Server-C,4
686,Server-A,44
686,Server-B,2
686,Server-C,2
687,Server-A,14
687,Server-B,2
688,Server-A,66
688,Server-B,2
688,Server-C,2
689,Server-A,40
689,Server-B,2
689,Server-C,2
690,Server-A,24
690,Server-C,2
691,Server-A,86
691,Server-B,2
692,Server-A,74
693,Server-A,10
693,Server-B,2
693,Server-C,2
694,Server-A,22
694,Server-C,2
695,Server-A,46
696,Server-A,60
696,Server-B,2
697,Server-A,18
697,Server-C,4
698,Server-A,14
698,Server-C,2
699,Server-A,82
699,Server-B,2
700,Server-A,22
700,Server-C,2
701,Server-A,48
701,Server-B,6
702,Server-A,94
702,Server-B,2
703,Server-A,34
703,Server-B,2
703,Server-C,2
704,Server-A,58
704,Server-B,4
704,Server-C,2
705,Server-A,20
705,Server-B,2
705,Server-C,6
706,Server-A,58
706,Server-B,6
707,Server-A,38
708,Server-A,26
708,Server-B,2
708,Server-C,4
709,Server-A,76
709,Server-B,2
710,Server-A,94
710,Server-B,4
710,Server-C,2
711,Server-A,32
711,Server-C,2
712,Server-A,20
712,Server-B,2
712,Server-C,2
713,Server-A,68
713,Server-B,4
714,Server-A,100
714,Server-B,2
715,Server-A,44
715,Server-B,2
715,Server-C,2
716,Server-A,58
717,Server-A,56
717,Server-B,2
718,Server-A,30
718,Server-C,4
719,Server-A,70
719,Server-C,2
720,Server-A,30
721,Server-A,36
722,Server-A,22
723,Server-A,18
724,Server-A,24
725,Server-A,74
726,Server-A,36
727,Server-A,16
728,Server-A,72
729,Server-A,56
730,Server-A,28
731,Server-A,14
732,Server-A,70
733,Server-A,26
734,Server-A,28
735,Server-A,16
736,Server-A,36
736,Server-B,1
737,Server-A,58
738,Server-A,48
738,Server-B,2
738,Server-C,1
739,Server-A,52
739,Server-C,4
740,Server-A,58
740,Server-B,2
740,Server-C,2
741,Server-A,16
741,Server-B,4
741,Server-C,2
742,Server-A,40
742,Server-C,4
743,Server-A,62
743,Server-B,2
743,Server-C,4
744,Server-A,48
744,Server-B,2
744,Server-C,2
745,Server-A,24
746,Server-A,66
746,Server-B,4
746,Server-C,2
747,Server-A,64
747,Server-B,2
748,Server-A,52
748,Server-B,2
748,Server-C,2
749,Server-A,62
749,Server-C,4
750,Server-A,36
750,Server-B,2
750,Server-C,6
751,Server-A,86
751,Server-B,2
751,Server-C,4
752,Server-A,2
753,Server-A,98
753,Server-B,2
754,Server-A,84
754,Server-B,4
754,Server-C,2
755,Server-A,24
755,Server-C,2
756,Server-A,86
756,Server-B,2
756,Server-C,4
757,Server-A,38
757,Server-C,4
758,Server-A,46
758,Server-C,4
759,Server-A,90
759,Server-B,2
759,Server-C,2
760,Server-A,52
760,Server-C,2
761,Server-A,46
761,Server-B,2
761,Server-C,4
762,Server-A,52
762,Server-B,2
763,Server-A,46
763,Server-C,2
764,Server-A,34
764,Server-B,4
765,Server-A,90
765,Server-B,2
765,Server-C,2
766,Server-A,16
766,Server-C,2
767,Server-A,64
767,Server-B,2
767,Server-C,4
768,Server-A,30
768,Server-B,2
768,Server-C,2
769,Server-A,84
769,Server-C,2
770,Server-A,46
770,Server-C,4
771,Server-A,30
771,Server-C,4
772,Server-A,56
772,Server-C,6
773,Server-A,52
773,Server-B,2
773,Server-C,2
774,Server-A,64
774,Server-C,2
775,Server-A,20
775,Server-C,4
776,Server-A,22
776,Server-B,2
776,Server-C,2
777,Server-A,40
777,Server-C,2
778,Server-A,48
778,Server-C,2
779,Server-A,30
779,Server-C,2
780,Server-A,56
780,Server-B,2
780,Server-C,8
781,Server-A,20
781,Server-B,2
782,Server-A,36
782,Server-C,2
783,Server-A,36
783,Server-B,2
783,Server-C,2
784,Server-A,82
784,Server-B,2
784,Server-C,2
785,Server-A,46
786,Server-A,46
786,Server-C,2
787,Server-A,90
787,Server-B,2
787,Server-C,4
788,Server-A,44
788,Server-B,2
789,Server-A,50
789,Server-C,4
790,Server-A,34
790,Server-B,2
790,Server-C,4
791,Server-A,46
791,Server-B,2
791,Server-C,2
792,Server-A,36
792,Server-B,2
793,Server-A,54
793,Server-C,10
794,Server-A,50
794,Server-C,2
795,Server-A,12
795,Server-B,88
795,Server-C,2
796,Server-A,32
796,Server-B,18
797,Server-A,66
797,Server-B,10
797,Server-C,4
798,Server-A,62
798,Server-B,2
798,Server-C,2
799,Server-A,14
800,Server-A,2
800,Server-B,2
800,Server-C,2
819,Server-A,1
819,Server-B,1
819,Server-C,1
820,Server-A,46
821,Server-A,50
821,Server-B,2
821,Server-C,4
822,Server-A,32
822,Server-B,2
822,Server-C,2
823,Server-A,54
824,Server-A,56
824,Server-C,2
825,Server-A,32
826,Server-A,22
826,Server-B,2
826,Server-C,2
827,Server-A,82
827,Server-B,2
827,Server-C,4
828,Server-A,44
829,Server-A,58
829,Server-B,2
829,Server-C,2
830,Server-A,20
830,Server-C,4
831,Server-A,60
832,Server-A,22
832,Server-B,4
833,Server-A,64
833,Server-B,2
833,Server-C,2
834,Server-A,30
834,Server-B,2
835,Server-A,38
835,Server-B,2
836,Server-A,10
836,Server-B,2
836,Server-C,2
837,Server-A,60
838,Server-A,30
839,Server-A,24
839,Server-C,2
840,Server-A,24
840,Server-B,2
840,Server-C,2
841,Server-A,74
841,Server-C,2
842,Server-A,38
842,Server-B,2
843,Server-A,14
843,Server-B,4
844,Server-A,40
844,Server-B,4
844,Server-C,8
845,Server-A,78
845,Server-B,2
846,Server-A,8
846,Server-B,2
846,Server-C,2
847,Server-A,90
847,Server-C,2
848,Server-A,30
848,Server-C,2
849,Server-A,28
849,Server-B,2
849,Server-C,2
850,Server-A,14
850,Server-B,2
851,Server-A,52
851,Server-B,2
851,Server-C,2
852,Server-A,66
852,Server-B,2
852,Server-C,4
853,Server-A,32
853,Server-C,6
854,Server-A,60
854,Server-B,2
854,Server-C,2
855,Server-A,92
855,Server-B,4
856,Server-A,26
856,Server-B,2
856,Server-C,2
857,Server-A,18
857,Server-C,2
858,Server-A,42
858,Server-C,4
859,Server-A,84
859,Server-C,2
860,Server-A,44
861,Server-A,60
861,Server-C,2
862,Server-A,66
862,Server-C,2
863,Server-A,24
863,Server-B,2
863,Server-C,2
864,Server-A,92
865,Server-A,26
865,Server-B,8
865,Server-C,2
866,Server-A,30
866,Server-B,2
866,Server-C,4
867,Server-A,52
867,Server-C,4
868,Server-A,38
868,Server-B,4
869,Server-A,34
869,Server-B,4
870,Server-A,26
871,Server-A,68
871,Server-C,4
872,Server-A,26
872,Server-C,2
873,Server-A,68
873,Server-B,4
874,Server-A,24
875,Server-A,16
876,Server-A,28
876,Server-B,2
877,Server-A,82
877,Server-B,2
878,Server-A,8
879,Server-A,16
880,Server-A,92
881,Server-A,30
882,Server-A,16
883,Server-A,32
884,Server-A,34
885,Server-A,34
886,Server-A,38
887,Server-A,26
888,Server-A,10
889,Server-A,70
890,Server-A,32
891,Server-A,40
891,Server-C,1
892,Server-A,20
893,Server-A,8
894,Server-A,32
894,Server-C,2
895,Server-A,48
896,Server-A,46
896,Server-B,1
896,Server-C,2
897,Server-A,36
897,Server-B,2
897,Server-C,2
898,Server-A,34
898,Server-B,2
898,Server-C,6
899,Server-A,28
899,Server-B,4
899,Server-C,2
900,Server-A,66
901,Server-A,10
901,Server-B,2
901,Server-C,6
902,Server-A,60
903,Server-A,66
903,Server-B,6
903,Server-C,6
904,Server-A,36
905,Server-A,68
905,Server-C,2
906,Server-A,48
906,Server-B,6
906,Server-C,4
907,Server-A,48
907,Server-B,2
907,Server-C,2
908,Server-A,84
908,Server-B,2
909,Server-A,26
909,Server-B,2
909,Server-C,2
910,Server-A,58
911,Server-A,52
911,Server-B,2
912,Server-A,40
912,Server-B,2
912,Server-C,2
913,Server-A,10
913,Server-B,2
914,Server-A,64
914,Server-B,4
915,Server-A,28
915,Server-B,2
915,Server-C,2
916,Server-A,24
917,Server-A,36
917,Server-C,2
918,Server-A,24
918,Server-C,6
919,Server-A,14
920,Server-A,24
920,Server-B,2
921,Server-A,54
921,Server-B,4
922,Server-A,48
923,Server-A,40
923,Server-C,2
924,Server-A,54
924,Server-B,4
924,Server-C,2
925,Server-A,70
925,Server-B,2
925,Server-C,4
926,Server-A,42
926,Server-B,2
927,Server-A,16
928,Server-A,50
928,Server-C,2
929,Server-A,96
929,Server-B,4
930,Server-A,8
930,Server-B,6
930,Server-C,2
931,Server-A,2
931,Server-B,2
931,Server-C,6
932,Server-B,2
933,Server-C,8
934,Server-B,2
934,Server-C,2
935,Server-C,2
936,Server-C,2
939,Server-B,6
939,Server-C,4
940,Server-C,2
941,Server-C,2
942,Server-B,4
942,Server-C,2
943,Server-B,6
943,Server-C,4
944,Server-B,2
944,Server-C,2
945,Server-B,6
946,Server-C,2
949,Server-C,4
950,Server-A,1
950,Server-B,4
950,Server-C,2
951,Server-A,116
951,Server-C,4
952,Server-A,28
952,Server-B,2
953,Server-A,30
953,Server-B,2
953,Server-C,2
954,Server-A,34
954,Server-B,2
955,Server-A,36
955,Server-C,2
956,Server-A,42
957,Server-A,36
958,Server-A,64
959,Server-A,42
959,Server-B,4
960,Server-A,50
960,Server-B,2
961,Server-A,12
962,Server-A,70
963,Server-A,60
964,Server-A,20
964,Server-B,2
965,Server-A,78
966,Server-A,24
966,Server-B,2
967,Server-A,62
967,Server-B,4
968,Server-A,22
969,Server-A,16
969,Server-B,2
970,Server-A,66
970,Server-B,6
971,Server-A,22
971,Server-B,86
972,Server-A,52
972,Server-B,6
973,Server-A,20
973,Server-B,6
974,Server-A,50
974,Server-B,2
974,Server-C,1
975,Server-A,82
975,Server-B,4
976,Server-A,50
977,Server-A,32
977,Server-B,4
978,Server-A,38
978,Server-C,2
979,Server-A,30
980,Server-A,98
980,Server-B,2
981,Server-A,62
982,Server-A,32
983,Server-A,10
983,Server-B,2
983,Server-C,2
984,Server-A,42
984,Server-B,2
984,Server-C,2
985,Server-A,52
985,Server-C,2
986,Server-A,46
986,Server-B,2
987,Server-A,40
987,Server-C,2
988,Server-A,82
988,Server-B,2
989,Server-A,46
989,Server-B,4
989,Server-C,2
990,Server-A,28
990,Server-B,2
990,Server-C,2
991,Server-A,16
991,Server-B,4
991,Server-C,6
992,Server-A,56
992,Server-B,8
992,Server-C,4
993,Server-A,28
994,Server-A,30
994,Server-B,6
994,Server-C,4
995,Server-A,28
995,Server-B,2
995,Server-C,4
996,Server-A,62
996,Server-C,4
997,Server-A,24
997,Server-C,2
998,Server-A,50
999,Server-A,34
999,Server-B,4
999,Server-C,2
1000,Server-A,61
1000,Server-B,1
1000,Server-C,5
